Workbook

Sheet LEIA-ME
A1: Follow up Projetos 2028
A2: Planilha de demonstração do Painel de Obras: todos os dados são fictícios (obras de galpões, clientes, códigos, endereços, datas e registros). As cidades são reais só para os feriados funcionarem.
A4: ABA | B4: O QUE É
A5: OBRAS (tb_Obras) | B5: Obras em andamento. Só CÓDIGO, PROJETO BÁSICO, PROJETO EXECUTIVO, ALVARÁ (cabeçalhos amarelos), HISTÓRICO, ÚLTIMO REGISTRO e SITUAÇÃO são digitados; o resto vem de fórmulas (CRONOGRAMA e, se não achar, CARTEIRA).
A6: CRONOGRAMA (tb_Cronograma) | B6: Cronograma oficial das obras: datas de início, fim e entrega.
A7: CARTEIRA (tb_Carteira) | B7: Carteira de obras aprovadas, com área, criticidade e datas previstas para as que ainda não entraram no cronograma.
A8: ETAPAS / CONTRATOS | B8: Etapa atual (tb_Etapas) e data de assinatura do contrato (tb_Contratos) usadas pelas fórmulas da aba OBRAS.
A9: ENTREGUES (tb_Entregues) | B9: Obras entregues que saíram da aba OBRAS.
A10: CANCELADAS (tb_Canceladas) | B10: Obras canceladas que saíram da aba OBRAS.
A11: ALTERAÇÕES (tb_Alteracoes) | B11: Registro das alterações feitas pelo painel.
A13: CASOS PARA TESTAR
A14: CÓDIGO 2801 | B14: SITUAÇÃO ENTREGUE, entrega em 07/04/2028: teste OBRA ENTREGUE no painel ou o botão ARQUIVAR ENTREGUES.
A15: CÓDIGO 2804 | B15: Fim da obra em 13/05/2028 (sábado): alerta no calendário do painel.
A16: CÓDIGO 2806 | B16: Fim da obra em 21/04/2028 (Tiradentes, feriado nacional).
A17: CÓDIGO 2812 | B17: Fim da obra em 08/12/2028 (feriado municipal de Campinas).
A18: CÓDIGO 2813 a 2815 | B18: Só no CRONOGRAMA: NOVA OBRA no painel aparece em verde.
A19: CÓDIGO 2816 e 2817 | B19: Só na CARTEIRA: NOVA OBRA aparece em amarelo.
A20: CÓDIGO 9999 | B20: Não existe em nenhuma base: NOVA OBRA fica bloqueada.
A22: COMO USAR COM AS MACROS
A23: 1 | B23: Salve como "Pasta de Trabalho Habilitada para Macro do Excel (.xlsm)".
A24: 2 | B24: No editor VBA (Alt+F11), importe o arquivo mInstaladorPainelObras.bas e execute InstalarFollowUp.
A25: 3 | B25: O instalador cria o Painel de Obras, os botões ABRIR PAINEL DE OBRAS e ARQUIVAR ENTREGUES na aba OBRAS e as abas FERIADOS e MARCADORES.
A26: 4 | B26: Todas as bases são tabelas do Excel (Inserir > Tabela). Se acrescentar dados, mantenha os nomes das tabelas e das colunas.

Sheet OBRAS
A1: FOLLOW UP PROJETOS 2028 - obras de galpões em andamento (dados fictícios)
A2: CÓDIGO | B2: NOME | C2: CLIENTE | D2: UF | E2: CIDADE | F2: CRITICIDADE | G2: TIPO DE OBRA | H2: ÁREA (m²) | I2: APROVAÇÃO | J2: CONTRATO ASSINADO | K2: PROJETO BÁSICO | L2: PROJETO EXECUTIVO | M2: ALVARÁ | N2: INÍCIO DA OBRA | O2: FIM DA OBRA | P2: PRAZO (DIAS) | Q2: ENTREGA | R2: HISTÓRICO | S2: ÚLTIMO REGISTRO | T2: ETAPA | U2: SITUAÇÃO
A3: 2801 | B3: =IFERROR(IF(INDEX(CRONOGRAMA!$B:$B,MATCH($A3,CRONOGRAMA!$A:$A,0))="","",INDEX(CRONOGRAMA!$B:$B,MATCH($A3,CRONOGRAMA!$A:$A,0))),IFERROR(IF(INDEX(CARTEIRA!$B:$B,MATCH($A3,CARTEIRA!$A:$A,0))="","",INDEX(CARTEIRA!$B:$B,MATCH($A3,CARTEIRA!$A:$A,0))),"")) -> GALPÃO NORTE 1 | C3: =IFERROR(IF(INDEX(CRONOGRAMA!$C:$C,MATCH($A3,CRONOGRAMA!$A:$A,0))="","",INDEX(CRONOGRAMA!$C:$C,MATCH($A3,CRONOGRAMA!$A:$A,0))),IFERROR(IF(INDEX(CARTEIRA!$C:$C,MATCH($A3,CARTEIRA!$A:$A,0))="","",INDEX(CARTEIRA!$C:$C,MATCH($A3,CARTEIRA!$A:$A,0))),"")) -> CLIENTE ATLAS | D3: =IFERROR(IF(INDEX(CRONOGRAMA!$F:$F,MATCH($A3,CRONOGRAMA!$A:$A,0))="","",INDEX(CRONOGRAMA!$F:$F,MATCH($A3,CRONOGRAMA!$A:$A,0))),IFERROR(IF(INDEX(CARTEIRA!$E:$E,MATCH($A3,CARTEIRA!$A:$A,0))="","",INDEX(CARTEIRA!$E:$E,MATCH($A3,CARTEIRA!$A:$A,0))),"")) -> SP | E3: =IFERROR(IF(INDEX(CRONOGRAMA!$E:$E,MATCH($A3,CRONOGRAMA!$A:$A,0))="","",INDEX(CRONOGRAMA!$E:$E,MATCH($A3,CRONOGRAMA!$A:$A,0))),IFERROR(IF(INDEX(CARTEIRA!$D:$D,MATCH($A3,CARTEIRA!$A:$A,0))="","",INDEX(CARTEIRA!$D:$D,MATCH($A3,CARTEIRA!$A:$A,0))),"")) -> CAMPINAS | F3: =IFERROR(IF(INDEX(CARTEIRA!$H:$H,MATCH($A3,CARTEIRA!$A:$A,0))="","",INDEX(CARTEIRA!$H:$H,MATCH($A3,CARTEIRA!$A:$A,0))),"") -> ALTA | G3: =IFERROR(IF(INDEX(CRONOGRAMA!$G:$G,MATCH($A3,CRONOGRAMA!$A:$A,0))="","",INDEX(CRONOGRAMA!$G:$G,MATCH($A3,CRONOGRAMA!$A:$A,0))),IFERROR(IF(INDEX(CARTEIRA!$F:$F,MATCH($A3,CARTEIRA!$A:$A,0))="","",INDEX(CARTEIRA!$F:$F,MATCH($A3,CARTEIRA!$A:$A,0))),"")) -> CONSTRUÇÃO | H3: =IFERROR(IF(INDEX(CARTEIRA!$G:$G,MATCH($A3,CARTEIRA!$A:$A,0))="","",INDEX(CARTEIRA!$G:$G,MATCH($A3,CARTEIRA!$A:$A,0))),"") -> 8000 | I3: =IFERROR(IF(INDEX(CARTEIRA!$I:$I,MATCH($A3,CARTEIRA!$A:$A,0))="","",INDEX(CARTEIRA!$I:$I,MATCH($A3,CARTEIRA!$A:$A,0))),"") -> 46539 | J3: =IFERROR(IF(INDEX(CONTRATOS!$C:$C,MATCH($A3,CONTRATOS!$A:$A,0))="","",INDEX(CONTRATOS!$C:$C,MATCH($A3,CONTRATOS!$A:$A,0))),"") -> 46636 | K3: 46622 | M3: 46687 | N3: =IFERROR(IF(INDEX(CRONOGRAMA!$H:$H,MATCH($A3,CRONOGRAMA!$A:$A,0))="","",INDEX(CRONOGRAMA!$H:$H,MATCH($A3,CRONOGRAMA!$A:$A,0))),IFERROR(IF(INDEX(CARTEIRA!$K:$K,MATCH($A3,CARTEIRA!$A:$A,0))="","",INDEX(CARTEIRA!$K:$K,MATCH($A3,CARTEIRA!$A:$A,0))),"")) -> 46697 | O3: =IFERROR(IF(INDEX(CRONOGRAMA!$I:$I,MATCH($A3,CRONOGRAMA!$A:$A,0))="","",INDEX(CRONOGRAMA!$I:$I,MATCH($A3,CRONOGRAMA!$A:$A,0))),IFERROR(IF(INDEX(CARTEIRA!$L:$L,MATCH($A3,CARTEIRA!$A:$A,0))="","",INDEX(CARTEIRA!$L:$L,MATCH($A3,CARTEIRA!$A:$A,0))),"")) -> 46836 | P3: =IFERROR(O3-N3,"") -> 139 | Q3: =IFERROR(IF(INDEX(CRONOGRAMA!$J:$J,MATCH($A3,CRONOGRAMA!$A:$A,0))="","",INDEX(CRONOGRAMA!$J:$J,MATCH($A3,CRONOGRAMA!$A:$A,0))),IFERROR(IF(INDEX(CARTEIRA!$M:$M,MATCH($A3,CARTEIRA!$A:$A,0))="","",INDEX(CARTEIRA!$M:$M,MATCH($A3,CARTEIRA!$A:$A,0))),"")) -> 46850 | R3: 08/11/2027 09:00 - Reunião de partida realizada com a construtora. ------------------------------------------------------------ 17/11/2027 10:17 - Topografia concluída; liberada a terraplenagem. ------------------------------------------------------------ 26/11/2027 11:34 - Sondagem do terreno entregue; fundação revisada. ------------------------------------------------------------ 05/12/2027 12:51 - Projeto executivo aprovado pelo cliente. | S3: 05/12/2027 12:51 - Projeto executivo aprovado pelo cliente. | T3: =IFERROR(IF(INDEX(ETAPAS!$B:$B,MATCH($A3,ETAPAS!$A:$A,0))="","",INDEX(ETAPAS!$B:$B,MATCH($A3,ETAPAS!$A:$A,0))),"") -> 1. MOBILIZAÇÃO | U3: ENTREGUE
A4: 2802 | B4: =IFERROR(IF(INDEX(CRONOGRAMA!$B:$B,MATCH($A4,CRONOGRAMA!$A:$A,0))="","",INDEX(CRONOGRAMA!$B:$B,MATCH($A4,CRONOGRAMA!$A:$A,0))),IFERROR(IF(INDEX(CARTEIRA!$B:$B,MATCH($A4,CARTEIRA!$A:$A,0))="","",INDEX(CARTEIRA!$B:$B,MATCH($A4,CARTEIRA!$A:$A,0))),"")) -> CD RODOVIA SUL | C4: =IFERROR(IF(INDEX(CRONOGRAMA!$C:$C,MATCH($A4,CRONOGRAMA!$A:$A,0))="","",INDEX(CRONOGRAMA!$C:$C,MATCH($A4,CRONOGRAMA!$A:$A,0))),IFERROR(IF(INDEX(CARTEIRA!$C:$C,MATCH($A4,CARTEIRA!$A:$A,0))="","",INDEX(CARTEIRA!$C:$C,MATCH($A4,CARTEIRA!$A:$A,0))),"")) -> CLIENTE BOREAL | D4: =IFERROR(IF(INDEX(CRONOGRAMA!$F:$F,MATCH($A4,CRONOGRAMA!$A:$A,0))="","",INDEX(CRONOGRAMA!$F:$F,MATCH($A4,CRONOGRAMA!$A:$A,0))),IFERROR(IF(INDEX(CARTEIRA!$E:$E,MATCH($A4,CARTEIRA!$A:$A,0))="","",INDEX(CARTEIRA!$E:$E,MATCH($A4,CARTEIRA!$A:$A,0))),"")) -> SP | E4: =IFERROR(IF(INDEX(CRONOGRAMA!$E:$E,MATCH($A4,CRONOGRAMA!$A:$A,0))="","",INDEX(CRONOGRAMA!$E:$E,MATCH($A4,CRONOGRAMA!$A:$A,0))),IFERROR(IF(INDEX(CARTEIRA!$D:$D,MATCH($A4,CARTEIRA!$A:$A,0))="","",INDEX(CARTEIRA!$D:$D,MATCH($A4,CARTEIRA!$A:$A,0))),"")) -> JUNDIAI | F4: =IFERROR(IF(INDEX(CARTEIRA!$H:$H,MATCH($A4,CARTEIRA!$A:$A,0))="","",INDEX(CARTEIRA!$H:$H,MATCH($A4,CARTEIRA!$A:$A,0))),"") -> MÉDIA | G4: =IFERROR(IF(INDEX(CRONOGRAMA!$G:$G,MATCH($A4,CRONOGRAMA!$A:$A,0))="","",INDEX(CRONOGRAMA!$G:$G,MATCH($A4,CRONOGRAMA!$A:$A,0))),IFERROR(IF(INDEX(CARTEIRA!$F:$F,MATCH($A4,CARTEIRA!$A:$A,0))="","",INDEX(CARTEIRA!$F:$F,MATCH($A4,CARTEIRA!$A:$A,0))),"")) -> CONSTRUÇÃO | H4: =IFERROR(IF(INDEX(CARTEIRA!$G:$G,MATCH($A4,CARTEIRA!$A:$A,0))="","",INDEX(CARTEIRA!$G:$G,MATCH($A4,CARTEIRA!$A:$A,0))),"") -> 11700 | I4: =IFERROR(IF(INDEX(CARTEIRA!$I:$I,MATCH($A4,CARTEIRA!$A:$A,0))="","",INDEX(CARTEIRA!$I:$I,MATCH($A4,CARTEIRA!$A:$A,0))),"") -> 46556 | J4: =IFERROR(IF(INDEX(CONTRATOS!$C:$C,MATCH($A4,CONTRATOS!$A:$A,0))="","",INDEX(CONTRATOS!$C:$C,MATCH($A4,CONTRATOS!$A:$A,0))),"") -> 46647 | K4: 46750 | L4: 46795 | N4: =IFERROR(IF(INDEX(CRONOGRAMA!$H:$H,MATCH($A4,CRONOGRAMA!$A:$A,0))="","",INDEX(CRONOGRAMA!$H:$H,MATCH($A4,CRONOGRAMA!$A:$A,0))),IFERROR(IF(INDEX(CARTEIRA!$K:$K,MATCH($A4,CARTEIRA!$A:$A,0))="","",INDEX(CARTEIRA!$K:$K,MATCH($A4,CARTEIRA!$A:$A,0))),"")) -> 46825 | O4: =IFERROR(IF(INDEX(CRONOGRAMA!$I:$I,MATCH($A4,CRONOGRAMA!$A:$A,0))="","",INDEX(CRONOGRAMA!$I:$I,MATCH($A4,CRONOGRAMA!$A:$A,0))),IFERROR(IF(INDEX(CARTEIRA!$L:$L,MATCH($A4,CARTEIRA!$A:$A,0))="","",INDEX(CARTEIRA!$L:$L,MATCH($A4,CARTEIRA!$A:$A,0))),"")) -> 46955 | P4: =IFERROR(O4-N4,"") -> 130 | Q4: =IFERROR(IF(INDEX(CRONOGRAMA!$J:$J,MATCH($A4,CRONOGRAMA!$A:$A,0))="","",INDEX(CRONOGRAMA!$J:$J,MATCH($A4,CRONOGRAMA!$A:$A,0))),IFERROR(IF(INDEX(CARTEIRA!$M:$M,MATCH($A4,CARTEIRA!$A:$A,0))="","",INDEX(CARTEIRA!$M:$M,MATCH($A4,CARTEIRA!$A:$A,0))),"")) -> 46969 | R4: 09/11/2027 09:01 - Topografia concluída; liberada a terraplenagem. ------------------------------------------------------------ 18/11/2027 10:18 - Sondagem do terreno entregue; fundação revisada. ------------------------------------------------------------ 27/11/2027 11:35 - Projeto executivo aprovado pelo cliente. ------------------------------------------------------------ 06/12/2027 12:52 - Protocolo do alvará na prefeitura; aguardando análise. ------------------------------------------------------------ 15/12/2027 13:09 - Estrutura metálica em fabricação. | S4: 15/12/2027 13:09 - Estrutura metálica em fabricação. | T4: =IFERROR(IF(INDEX(ETAPAS!$B:$B,MATCH($A4,ETAPAS!$A:$A,0))="","",INDEX(ETAPAS!$B:$B,MATCH($A4,ETAPAS!$A:$A,0))),"") -> 3. FUNDAÇÃO
A5: 2803 | B5: =IFERROR(IF(INDEX(CRONOGRAMA!$B:$B,MATCH($A5,CRONOGRAMA!$A:$A,0))="","",INDEX(CRONOGRAMA!$B:$B,MATCH($A5,CRONOGRAMA!$A:$A,0))),IFERROR(IF(INDEX(CARTEIRA!$B:$B,MATCH($A5,CARTEIRA!$A:$A,0))="","",INDEX(CARTEIRA!$B:$B,MATCH($A5,CARTEIRA!$A:$A,0))),"")) -> CONDOMÍNIO LOGÍSTICO VALE | C5: =IFERROR(IF(INDEX(CRONOGRAMA!$C:$C,MATCH($A5,CRONOGRAMA!$A:$A,0))="","",INDEX(CRONOGRAMA!$C:$C,MATCH($A5,CRONOGRAMA!$A:$A,0))),IFERROR(IF(INDEX(CARTEIRA!$C:$C,MATCH($A5,CARTEIRA!$A:$A,0))="","",INDEX(CARTEIRA!$C:$C,MATCH($A5,CARTEIRA!$A:$A,0))),"")) -> CLIENTE CRUZEIRO | D5: =IFERROR(IF(INDEX(CRONOGRAMA!$F:$F,MATCH($A5,CRONOGRAMA!$A:$A,0))="","",INDEX(CRONOGRAMA!$F:$F,MATCH($A5,CRONOGRAMA!$A:$A,0))),IFERROR(IF(INDEX(CARTEIRA!$E:$E,MATCH($A5,CARTEIRA!$A:$A,0))="","",INDEX(CARTEIRA!$E:$E,MATCH($A5,CARTEIRA!$A:$A,0))),"")) -> SP | E5: =IFERROR(IF(INDEX(CRONOGRAMA!$E:$E,MATCH($A5,CRONOGRAMA!$A:$A,0))="","",INDEX(CRONOGRAMA!$E:$E,MATCH($A5,CRONOGRAMA!$A:$A,0))),IFERROR(IF(INDEX(CARTEIRA!$D:$D,MATCH($A5,CARTEIRA!$A:$A,0))="","",INDEX(CARTEIRA!$D:$D,MATCH($A5,CARTEIRA!$A:$A,0))),"")) -> GUARULHOS | F5: =IFERROR(IF(INDEX(CARTEIRA!$H:$H,MATCH($A5,CARTEIRA!$A:$A,0))="","",INDEX(CARTEIRA!$H:$H,MATCH($A5,CARTEIRA!$A:$A,0))),"") -> BAIXA | G5: =IFERROR(IF(INDEX(CRONOGRAMA!$G:$G,MATCH($A5,CRONOGRAMA!$A:$A,0))="","",INDEX(CRONOGRAMA!$G:$G,MATCH($A5,CRONOGRAMA!$A:$A,0))),IFERROR(IF(INDEX(CARTEIRA!$F:$F,MATCH($A5,CARTEIRA!$A:$A,0))="","",INDEX(CARTEIRA!$F:$F,MATCH($A5,CARTEIRA!$A:$A,0))),"")) -> AMPLIAÇÃO | H5: =IFERROR(IF(INDEX(CARTEIRA!$G:$G,MATCH($A5,CARTEIRA!$A:$A,0))="","",INDEX(CARTEIRA!$G:$G,MATCH($A5,CARTEIRA!$A:$A,0))),"") -> 15400 | I5: =IFERROR(IF(INDEX(CARTEIRA!$I:$I,MATCH($A5,CARTEIRA!$A:$A,0))="","",INDEX(CARTEIRA!$I:$I,MATCH($A5,CARTEIRA!$A:$A,0))),"") -> 46573 | J5: =IFERROR(IF(INDEX(CONTRATOS!$C:$C,MATCH($A5,CONTRATOS!$A:$A,0))="","",INDEX(CONTRATOS!$C:$C,MATCH($A5,CONTRATOS!$A:$A,0))),"") -> 46658 | K5: 46757 | L5: 46802 | M5: 46822 | N5: =IFERROR(IF(INDEX(CRONOGRAMA!$H:$H,MATCH($A5,CRONOGRAMA!$A:$A,0))="","",INDEX(CRONOGRAMA!$H:$H,MATCH($A5,CRONOGRAMA!$A:$A,0))),IFERROR(IF(INDEX(CARTEIRA!$K:$K,MATCH($A5,CARTEIRA!$A:$A,0))="","",INDEX(CARTEIRA!$K:$K,MATCH($A5,CARTEIRA!$A:$A,0))),"")) -> 46832 | O5: =IFERROR(IF(INDEX(CRONOGRAMA!$I:$I,MATCH($A5,CRONOGRAMA!$A:$A,0))="","",INDEX(CRONOGRAMA!$I:$I,MATCH($A5,CRONOGRAMA!$A:$A,0))),IFERROR(IF(INDEX(CARTEIRA!$L:$L,MATCH($A5,CARTEIRA!$A:$A,0))="","",INDEX(CARTEIRA!$L:$L,MATCH($A5,CARTEIRA!$A:$A,0))),"")) -> 46972 | P5: =IFERROR(O5-N5,"") -> 140 | Q5: =IFERROR(IF(INDEX(CRONOGRAMA!$J:$J,MATCH($A5,CRONOGRAMA!$A:$A,0))="","",INDEX(CRONOGRAMA!$J:$J,MATCH($A5,CRONOGRAMA!$A:$A,0))),IFERROR(IF(INDEX(CARTEIRA!$M:$M,MATCH($A5,CARTEIRA!$A:$A,0))="","",INDEX(CARTEIRA!$M:$M,MATCH($A5,CARTEIRA!$A:$A,0))),"")) -> 46986 | R5: 10/11/2027 09:02 - Sondagem do terreno entregue; fundação revisada. ------------------------------------------------------------ 19/11/2027 10:19 - Projeto executivo aprovado pelo cliente. ------------------------------------------------------------ 28/11/2027 11:36 - Protocolo do alvará na prefeitura; aguardando análise. ------------------------------------------------------------ 07/12/2027 12:53 - Estrutura metálica em fabricação. ------------------------------------------------------------ 16/12/2027 13:10 - Montagem da cobertura iniciada. ------------------------------------------------------------ 25/12/2027 14:27 - Concretagem do piso industrial programada. | S5: 25/12/2027 14:27 - Concretagem do piso industrial programada. | T5: =IFERROR(IF(INDEX(ETAPAS!$B:$B,MATCH($A5,ETAPAS!$A:$A,0))="","",INDEX(ETAPAS!$B:$B,MATCH($A5,ETAPAS!$A:$A,0))),"") -> 5. COBERTURA
A6: 2804 | B6: =IFERROR(IF(INDEX(CRONOGRAMA!$B:$B,MATCH($A6,CRONOGRAMA!$A:$A,0))="","",INDEX(CRONOGRAMA!$B:$B,MATCH($A6,CRONOGRAMA!$A:$A,0))),IFERROR(IF(INDEX(CARTEIRA!$B:$B,MATCH($A6,CARTEIRA!$A:$A,0))="","",INDEX(CARTEIRA!$B:$B,MATCH($A6,CARTEIRA!$A:$A,0))),"")) -> GALPÃO SERRA AZUL | C6: =IFERROR(IF(INDEX(CRONOGRAMA!$C:$C,MATCH($A6,CRONOGRAMA!$A:$A,0))="","",INDEX(CRONOGRAMA!$C:$C,MATCH($A6,CRONOGRAMA!$A:$A,0))),IFERROR(IF(INDEX(CARTEIRA!$C:$C,MATCH($A6,CARTEIRA!$A:$A,0))="","",INDEX(CARTEIRA!$C:$C,MATCH($A6,CARTEIRA!$A:$A,0))),"")) -> CLIENTE DELTA | D6: =IFERROR(IF(INDEX(CRONOGRAMA!$F:$F,MATCH($A6,CRONOGRAMA!$A:$A,0))="","",INDEX(CRONOGRAMA!$F:$F,MATCH($A6,CRONOGRAMA!$A:$A,0))),IFERROR(IF(INDEX(CARTEIRA!$E:$E,MATCH($A6,CARTEIRA!$A:$A,0))="","",INDEX(CARTEIRA!$E:$E,MATCH($A6,CARTEIRA!$A:$A,0))),"")) -> SP | E6: =IFERROR(IF(INDEX(CRONOGRAMA!$E:$E,MATCH($A6,CRONOGRAMA!$A:$A,0))="","",INDEX(CRONOGRAMA!$E:$E,MATCH($A6,CRONOGRAMA!$A:$A,0))),IFERROR(IF(INDEX(CARTEIRA!$D:$D,MATCH($A6,CARTEIRA!$A:$A,0))="","",INDEX(CARTEIRA!$D:$D,MATCH($A6,CARTEIRA!$A:$A,0))),"")) -> BARUERI | F6: =IFERROR(IF(INDEX(CARTEIRA!$H:$H,MATCH($A6,CARTEIRA!$A:$A,0))="","",INDEX(CARTEIRA!$H:$H,MATCH($A6,CARTEIRA!$A:$A,0))),"") -> MÉDIA | G6: =IFERROR(IF(INDEX(CRONOGRAMA!$G:$G,MATCH($A6,CRONOGRAMA!$A:$A,0))="","",INDEX(CRONOGRAMA!$G:$G,MATCH($A6,CRONOGRAMA!$A:$A,0))),IFERROR(IF(INDEX(CARTEIRA!$F:$F,MATCH($A6,CARTEIRA!$A:$A,0))="","",INDEX(CARTEIRA!$F:$F,MATCH($A6,CARTEIRA!$A:$A,0))),"")) -> RETROFIT | H6: =IFERROR(IF(INDEX(CARTEIRA!$G:$G,MATCH($A6,CARTEIRA!$A:$A,0))="","",INDEX(CARTEIRA!$G:$G,MATCH($A6,CARTEIRA!$A:$A,0))),"") -> 19100 | I6: =IFERROR(IF(INDEX(CARTEIRA!$I:$I,MATCH($A6,CARTEIRA!$A:$A,0))="","",INDEX(CARTEIRA!$I:$I,MATCH($A6,CARTEIRA!$A:$A,0))),"") -> 46590 | J6: =IFERROR(IF(INDEX(CONTRATOS!$C:$C,MATCH($A6,CONTRATOS!$A:$A,0))="","",INDEX(CONTRATOS!$C:$C,MATCH($A6,CONTRATOS!$A:$A,0))),"") -> 46669 | K6: 46687 | N6: =IFERROR(IF(INDEX(CRONOGRAMA!$H:$H,MATCH($A6,CRONOGRAMA!$A:$A,0))="","",INDEX(CRONOGRAMA!$H:$H,MATCH($A6,CRONOGRAMA!$A:$A,0))),IFERROR(IF(INDEX(CARTEIRA!$K:$K,MATCH($A6,CARTEIRA!$A:$A,0))="","",INDEX(CARTEIRA!$K:$K,MATCH($A6,CARTEIRA!$A:$A,0))),"")) -> 46762 | O6: =IFERROR(IF(INDEX(CRONOGRAMA!$I:$I,MATCH($A6,CRONOGRAMA!$A:$A,0))="","",INDEX(CRONOGRAMA!$I:$I,MATCH($A6,CRONOGRAMA!$A:$A,0))),IFERROR(IF(INDEX(CARTEIRA!$L:$L,MATCH($A6,CARTEIRA!$A:$A,0))="","",INDEX(CARTEIRA!$L:$L,MATCH($A6,CARTEIRA!$A:$A,0))),"")) -> 46886 | P6: =IFERROR(O6-N6,"") -> 124 | Q6: =IFERROR(IF(INDEX(CRONOGRAMA!$J:$J,MATCH($A6,CRONOGRAMA!$A:$A,0))="","",INDEX(CRONOGRAMA!$J:$J,MATCH($A6,CRONOGRAMA!$A:$A,0))),IFERROR(IF(INDEX(CARTEIRA!$M:$M,MATCH($A6,CARTEIRA!$A:$A,0))="","",INDEX(CARTEIRA!$M:$M,MATCH($A6,CARTEIRA!$A:$A,0))),"")) -> 46899 | R6: 11/11/2027 09:03 - Projeto executivo aprovado pelo cliente. ------------------------------------------------------------ 20/11/2027 10:20 - Protocolo do alvará na prefeitura; aguardando análise. ------------------------------------------------------------ 29/11/2027 11:37 - Estrutura metálica em fabricação. ------------------------------------------------------------ 08/12/2027 12:54 - Montagem da cobertura iniciada. ------------------------------------------------------------ 17/12/2027 13:11 - Concretagem do piso industrial programada. ------------------------------------------------------------ 26/12/2027 14:28 - Ligação de energia solicitada à concessionária. ------------------------------------------------------------ 04/01/2028 15:45 - Vistoria do corpo de bombeiros agendada. | S6: 04/01/2028 15:45 - Vistoria do corpo de bombeiros agendada. | T6: =IFERROR(IF(INDEX(ETAPAS!$B:$B,MATCH($A6,ETAPAS!$A:$A,0))="","",INDEX(ETAPAS!$B:$B,MATCH($A6,ETAPAS!$A:$A,0))),"") -> 7. INSTALAÇÕES
A7: 2805 | B7: =IFERROR(IF(INDEX(CRONOGRAMA!$B:$B,MATCH($A7,CRONOGRAMA!$A:$A,0))="","",INDEX(CRONOGRAMA!$B:$B,MATCH($A7,CRONOGRAMA!$A:$A,0))),IFERROR(IF(INDEX(CARTEIRA!$B:$B,MATCH($A7,CARTEIRA!$A:$A,0))="","",INDEX(CARTEIRA!$B:$B,MATCH($A7,CARTEIRA!$A:$A,0))),"")) -> CENTRO DE DISTRIBUIÇÃO LESTE | C7: =IFERROR(IF(INDEX(CRONOGRAMA!$C:$C,MATCH($A7,CRONOGRAMA!$A:$A,0))="","",INDEX(CRONOGRAMA!$C:$C,MATCH($A7,CRONOGRAMA!$A:$A,0))),IFERROR(IF(INDEX(CARTEIRA!$C:$C,MATCH($A7,CARTEIRA!$A:$A,0))="","",INDEX(CARTEIRA!$C:$C,MATCH($A7,CARTEIRA!$A:$A,0))),"")) -> CLIENTE ATLAS | D7: =IFERROR(IF(INDEX(CRONOGRAMA!$F:$F,MATCH($A7,CRONOGRAMA!$A:$A,0))="","",INDEX(CRONOGRAMA!$F:$F,MATCH($A7,CRONOGRAMA!$A:$A,0))),IFERROR(IF(INDEX(CARTEIRA!$E:$E,MATCH($A7,CARTEIRA!$A:$A,0))="","",INDEX(CARTEIRA!$E:$E,MATCH($A7,CARTEIRA!$A:$A,0))),"")) -> SP | E7: =IFERROR(IF(INDEX(CRONOGRAMA!$E:$E,MATCH($A7,CRONOGRAMA!$A:$A,0))="","",INDEX(CRONOGRAMA!$E:$E,MATCH($A7,CRONOGRAMA!$A:$A,0))),IFERROR(IF(INDEX(CARTEIRA!$D:$D,MATCH($A7,CARTEIRA!$A:$A,0))="","",INDEX(CARTEIRA!$D:$D,MATCH($A7,CARTEIRA!$A:$A,0))),"")) -> SAO JOSE DOS CAMPOS | F7: =IFERROR(IF(INDEX(CARTEIRA!$H:$H,MATCH($A7,CARTEIRA!$A:$A,0))="","",INDEX(CARTEIRA!$H:$H,MATCH($A7,CARTEIRA!$A:$A,0))),"") -> ALTA | G7: =IFERROR(IF(INDEX(CRONOGRAMA!$G:$G,MATCH($A7,CRONOGRAMA!$A:$A,0))="","",INDEX(CRONOGRAMA!$G:$G,MATCH($A7,CRONOGRAMA!$A:$A,0))),IFERROR(IF(INDEX(CARTEIRA!$F:$F,MATCH($A7,CARTEIRA!$A:$A,0))="","",INDEX(CARTEIRA!$F:$F,MATCH($A7,CARTEIRA!$A:$A,0))),"")) -> CONSTRUÇÃO | H7: =IFERROR(IF(INDEX(CARTEIRA!$G:$G,MATCH($A7,CARTEIRA!$A:$A,0))="","",INDEX(CARTEIRA!$G:$G,MATCH($A7,CARTEIRA!$A:$A,0))),"") -> 22800 | I7: =IFERROR(IF(INDEX(CARTEIRA!$I:$I,MATCH($A7,CARTEIRA!$A:$A,0))="","",INDEX(CARTEIRA!$I:$I,MATCH($A7,CARTEIRA!$A:$A,0))),"") -> 46607 | J7: =IFERROR(IF(INDEX(CONTRATOS!$C:$C,MATCH($A7,CONTRATOS!$A:$A,0))="","",INDEX(CONTRATOS!$C:$C,MATCH($A7,CONTRATOS!$A:$A,0))),"") -> 46680 | K7: 46771 | L7: 46816 | M7: 46836 | N7: =IFERROR(IF(INDEX(CRONOGRAMA!$H:$H,MATCH($A7,CRONOGRAMA!$A:$A,0))="","",INDEX(CRONOGRAMA!$H:$H,MATCH($A7,CRONOGRAMA!$A:$A,0))),IFERROR(IF(INDEX(CARTEIRA!$K:$K,MATCH($A7,CARTEIRA!$A:$A,0))="","",INDEX(CARTEIRA!$K:$K,MATCH($A7,CARTEIRA!$A:$A,0))),"")) -> 46846 | O7: =IFERROR(IF(INDEX(CRONOGRAMA!$I:$I,MATCH($A7,CRONOGRAMA!$A:$A,0))="","",INDEX(CRONOGRAMA!$I:$I,MATCH($A7,CRONOGRAMA!$A:$A,0))),IFERROR(IF(INDEX(CARTEIRA!$L:$L,MATCH($A7,CARTEIRA!$A:$A,0))="","",INDEX(CARTEIRA!$L:$L,MATCH($A7,CARTEIRA!$A:$A,0))),"")) -> 46966 | P7: =IFERROR(O7-N7,"") -> 120 | Q7: =IFERROR(IF(INDEX(CRONOGRAMA!$J:$J,MATCH($A7,CRONOGRAMA!$A:$A,0))="","",INDEX(CRONOGRAMA!$J:$J,MATCH($A7,CRONOGRAMA!$A:$A,0))),IFERROR(IF(INDEX(CARTEIRA!$M:$M,MATCH($A7,CARTEIRA!$A:$A,0))="","",INDEX(CARTEIRA!$M:$M,MATCH($A7,CARTEIRA!$A:$A,0))),"")) -> 46980 | R7: 12/11/2027 09:04 - Protocolo do alvará na prefeitura; aguardando análise. ------------------------------------------------------------ 21/11/2027 10:21 - Estrutura metálica em fabricação. ------------------------------------------------------------ 30/11/2027 11:38 - Montagem da cobertura iniciada. ------------------------------------------------------------ 09/12/2027 12:55 - Concretagem do piso industrial programada. ------------------------------------------------------------ 18/12/2027 13:12 - Ligação de energia solicitada à concessionária. ------------------------------------------------------------ 27/12/2027 14:29 - Vistoria do corpo de bombeiros agendada. ------------------------------------------------------------ 05/01/2028 15:46 - Medição mensal aprovada. ------------------------------------------------------------ 14/01/2028 16:03 - Chuvas atrasaram a terraplenagem em uma semana. | S7: 14/01/2028 16:03 - Chuvas atrasaram a terraplenagem em uma semana. | T7: =IFERROR(IF(INDEX(ETAPAS!$B:$B,MATCH($A7,ETAPAS!$A:$A,0))="","",INDEX(ETAPAS!$B:$B,MATCH($A7,ETAPAS!$A:$A,0))),"") -> 9. VISTORIA
A8: 2806 | B8: =IFERROR(IF(INDEX(CRONOGRAMA!$B:$B,MATCH($A8,CRONOGRAMA!$A:$A,0))="","",INDEX(CRONOGRAMA!$B:$B,MATCH($A8,CRONOGRAMA!$A:$A,0))),IFERROR(IF(INDEX(CARTEIRA!$B:$B,MATCH($A8,CARTEIRA!$A:$A,0))="","",INDEX(CARTEIRA!$B:$B,MATCH($A8,CARTEIRA!$A:$A,0))),"")) -> GALPÃO PORTO SECO | C8: =IFERROR(IF(INDEX(CRONOGRAMA!$C:$C,MATCH($A8,CRONOGRAMA!$A:$A,0))="","",INDEX(CRONOGRAMA!$C:$C,MATCH($A8,CRONOGRAMA!$A:$A,0))),IFERROR(IF(INDEX(CARTEIRA!$C:$C,MATCH($A8,CARTEIRA!$A:$A,0))="","",INDEX(CARTEIRA!$C:$C,MATCH($A8,CARTEIRA!$A:$A,0))),"")) -> CLIENTE BOREAL | D8: =IFERROR(IF(INDEX(CRONOGRAMA!$F:$F,MATCH($A8,CRONOGRAMA!$A:$A,0))="","",INDEX(CRONOGRAMA!$F:$F,MATCH($A8,CRONOGRAMA!$A:$A,0))),IFERROR(IF(INDEX(CARTEIRA!$E:$E,MATCH($A8,CARTEIRA!$A:$A,0))="","",INDEX(CARTEIRA!$E:$E,MATCH($A8,CARTEIRA!$A:$A,0))),"")) -> SP | E8: =IFERROR(IF(INDEX(CRONOGRAMA!$E:$E,MATCH($A8,CRONOGRAMA!$A:$A,0))="","",INDEX(CRONOGRAMA!$E:$E,MATCH($A8,CRONOGRAMA!$A:$A,0))),IFERROR(IF(INDEX(CARTEIRA!$D:$D,MATCH($A8,CARTEIRA!$A:$A,0))="","",INDEX(CARTEIRA!$D:$D,MATCH($A8,CARTEIRA!$A:$A,0))),"")) -> SOROCABA | F8: =IFERROR(IF(INDEX(CARTEIRA!$H:$H,MATCH($A8,CARTEIRA!$A:$A,0))="","",INDEX(CARTEIRA!$H:$H,MATCH($A8,CARTEIRA!$A:$A,0))),"") -> MÉDIA | G8: =IFERROR(IF(INDEX(CRONOGRAMA!$G:$G,MATCH($A8,CRONOGRAMA!$A:$A,0))="","",INDEX(CRONOGRAMA!$G:$G,MATCH($A8,CRONOGRAMA!$A:$A,0))),IFERROR(IF(INDEX(CARTEIRA!$F:$F,MATCH($A8,CARTEIRA!$A:$A,0))="","",INDEX(CARTEIRA!$F:$F,MATCH($A8,CARTEIRA!$A:$A,0))),"")) -> ADEQUAÇÃO | H8: =IFERROR(IF(INDEX(CARTEIRA!$G:$G,MATCH($A8,CARTEIRA!$A:$A,0))="","",INDEX(CARTEIRA!$G:$G,MATCH($A8,CARTEIRA!$A:$A,0))),"") -> 26500 | I8: =IFERROR(IF(INDEX(CARTEIRA!$I:$I,MATCH($A8,CARTEIRA!$A:$A,0))="","",INDEX(CARTEIRA!$I:$I,MATCH($A8,CARTEIRA!$A:$A,0))),"") -> 46624 | J8: =IFERROR(IF(INDEX(CONTRATOS!$C:$C,MATCH($A8,CONTRATOS!$A:$A,0))="","",INDEX(CONTRATOS!$C:$C,MATCH($A8,CONTRATOS!$A:$A,0))),"") -> 46691 | K8: 46664 | L8: 46709 | N8: =IFERROR(IF(INDEX(CRONOGRAMA!$H:$H,MATCH($A8,CRONOGRAMA!$A:$A,0))="","",INDEX(CRONOGRAMA!$H:$H,MATCH($A8,CRONOGRAMA!$A:$A,0))),IFERROR(IF(INDEX(CARTEIRA!$K:$K,MATCH($A8,CARTEIRA!$A:$A,0))="","",INDEX(CARTEIRA!$K:$K,MATCH($A8,CARTEIRA!$A:$A,0))),"")) -> 46739 | O8: =IFERROR(IF(INDEX(CRONOGRAMA!$I:$I,MATCH($A8,CRONOGRAMA!$A:$A,0))="","",INDEX(CRONOGRAMA!$I:$I,MATCH($A8,CRONOGRAMA!$A:$A,0))),IFERROR(IF(INDEX(CARTEIRA!$L:$L,MATCH($A8,CARTEIRA!$A:$A,0))="","",INDEX(CARTEIRA!$L:$L,MATCH($A8,CARTEIRA!$A:$A,0))),"")) -> 46864 | P8: =IFERROR(O8-N8,"") -> 125 | Q8: =IFERROR(IF(INDEX(CRONOGRAMA!$J:$J,MATCH($A8,CRONOGRAMA!$A:$A,0))="","",INDEX(CRONOGRAMA!$J:$J,MATCH($A8,CRONOGRAMA!$A:$A,0))),IFERROR(IF(INDEX(CARTEIRA!$M:$M,MATCH($A8,CARTEIRA!$A:$A,0))="","",INDEX(CARTEIRA!$M:$M,MATCH($A8,CARTEIRA!$A:$A,0))),"")) -> 46876 | R8: 08/11/2027 09:05 - Estrutura metálica em fabricação. ------------------------------------------------------------ 17/11/2027 10:22 - Montagem da cobertura iniciada. ------------------------------------------------------------ 26/11/2027 11:39 - Concretagem do piso industrial programada. ------------------------------------------------------------ 05/12/2027 12:56 - Ligação de energia solicitada à concessionária. | S8: 05/12/2027 12:56 - Ligação de energia solicitada à concessionária. | T8: =IFERROR(IF(INDEX(ETAPAS!$B:$B,MATCH($A8,ETAPAS!$A:$A,0))="","",INDEX(ETAPAS!$B:$B,MATCH($A8,ETAPAS!$A:$A,0))),"") -> 2. TERRAPLENAGEM
A9: 2807 | B9: =IFERROR(IF(INDEX(CRONOGRAMA!$B:$B,MATCH($A9,CRONOGRAMA!$A:$A,0))="","",INDEX(CRONOGRAMA!$B:$B,MATCH($A9,CRONOGRAMA!$A:$A,0))),IFERROR(IF(INDEX(CARTEIRA!$B:$B,MATCH($A9,CARTEIRA!$A:$A,0))="","",INDEX(CARTEIRA!$B:$B,MATCH($A9,CARTEIRA!$A:$A,0))),"")) -> ARMAZÉM FRIGORIFICADO OESTE | C9: =IFERROR(IF(INDEX(CRONOGRAMA!$C:$C,MATCH($A9,CRONOGRAMA!$A:$A,0))="","",INDEX(CRONOGRAMA!$C:$C,MATCH($A9,CRONOGRAMA!$A:$A,0))),IFERROR(IF(INDEX(CARTEIRA!$C:$C,MATCH($A9,CARTEIRA!$A:$A,0))="","",INDEX(CARTEIRA!$C:$C,MATCH($A9,CARTEIRA!$A:$A,0))),"")) -> CLIENTE CRUZEIRO | D9: =IFERROR(IF(INDEX(CRONOGRAMA!$F:$F,MATCH($A9,CRONOGRAMA!$A:$A,0))="","",INDEX(CRONOGRAMA!$F:$F,MATCH($A9,CRONOGRAMA!$A:$A,0))),IFERROR(IF(INDEX(CARTEIRA!$E:$E,MATCH($A9,CARTEIRA!$A:$A,0))="","",INDEX(CARTEIRA!$E:$E,MATCH($A9,CARTEIRA!$A:$A,0))),"")) -> PR | E9: =IFERROR(IF(INDEX(CRONOGRAMA!$E:$E,MATCH($A9,CRONOGRAMA!$A:$A,0))="","",INDEX(CRONOGRAMA!$E:$E,MATCH($A9,CRONOGRAMA!$A:$A,0))),IFERROR(IF(INDEX(CARTEIRA!$D:$D,MATCH($A9,CARTEIRA!$A:$A,0))="","",INDEX(CARTEIRA!$D:$D,MATCH($A9,CARTEIRA!$A:$A,0))),"")) -> CURITIBA | F9: =IFERROR(IF(INDEX(CARTEIRA!$H:$H,MATCH($A9,CARTEIRA!$A:$A,0))="","",INDEX(CARTEIRA!$H:$H,MATCH($A9,CARTEIRA!$A:$A,0))),"") -> BAIXA | G9: =IFERROR(IF(INDEX(CRONOGRAMA!$G:$G,MATCH($A9,CRONOGRAMA!$A:$A,0))="","",INDEX(CRONOGRAMA!$G:$G,MATCH($A9,CRONOGRAMA!$A:$A,0))),IFERROR(IF(INDEX(CARTEIRA!$F:$F,MATCH($A9,CARTEIRA!$A:$A,0))="","",INDEX(CARTEIRA!$F:$F,MATCH($A9,CARTEIRA!$A:$A,0))),"")) -> CONSTRUÇÃO | H9: =IFERROR(IF(INDEX(CARTEIRA!$G:$G,MATCH($A9,CARTEIRA!$A:$A,0))="","",INDEX(CARTEIRA!$G:$G,MATCH($A9,CARTEIRA!$A:$A,0))),"") -> 30200 | I9: =IFERROR(IF(INDEX(CARTEIRA!$I:$I,MATCH($A9,CARTEIRA!$A:$A,0))="","",INDEX(CARTEIRA!$I:$I,MATCH($A9,CARTEIRA!$A:$A,0))),"") -> 46641 | J9: =IFERROR(IF(INDEX(CONTRATOS!$C:$C,MATCH($A9,CONTRATOS!$A:$A,0))="","",INDEX(CONTRATOS!$C:$C,MATCH($A9,CONTRATOS!$A:$A,0))),"") -> 46702 | K9: 46785 | M9: 46850 | N9: =IFERROR(IF(INDEX(CRONOGRAMA!$H:$H,MATCH($A9,CRONOGRAMA!$A:$A,0))="","",INDEX(CRONOGRAMA!$H:$H,MATCH($A9,CRONOGRAMA!$A:$A,0))),IFERROR(IF(INDEX(CARTEIRA!$K:$K,MATCH($A9,CARTEIRA!$A:$A,0))="","",INDEX(CARTEIRA!$K:$K,MATCH($A9,CARTEIRA!$A:$A,0))),"")) -> 46860 | O9: =IFERROR(IF(INDEX(CRONOGRAMA!$I:$I,MATCH($A9,CRONOGRAMA!$A:$A,0))="","",INDEX(CRONOGRAMA!$I:$I,MATCH($A9,CRONOGRAMA!$A:$A,0))),IFERROR(IF(INDEX(CARTEIRA!$L:$L,MATCH($A9,CARTEIRA!$A:$A,0))="","",INDEX(CARTEIRA!$L:$L,MATCH($A9,CARTEIRA!$A:$A,0))),"")) -> 47000 | P9: =IFERROR(O9-N9,"") -> 140 | Q9: =IFERROR(IF(INDEX(CRONOGRAMA!$J:$J,MATCH($A9,CRONOGRAMA!$A:$A,0))="","",INDEX(CRONOGRAMA!$J:$J,MATCH($A9,CRONOGRAMA!$A:$A,0))),IFERROR(IF(INDEX(CARTEIRA!$M:$M,MATCH($A9,CARTEIRA!$A:$A,0))="","",INDEX(CARTEIRA!$M:$M,MATCH($A9,CARTEIRA!$A:$A,0))),"")) -> 47014 | R9: 09/11/2027 09:06 - Montagem da cobertura iniciada. ------------------------------------------------------------ 18/11/2027 10:23 - Concretagem do piso industrial programada. ------------------------------------------------------------ 27/11/2027 11:40 - Ligação de energia solicitada à concessionária. ------------------------------------------------------------ 06/12/2027 12:57 - Vistoria do corpo de bombeiros agendada. ------------------------------------------------------------ 15/12/2027 13:14 - Medição mensal aprovada. | S9: 15/12/2027 13:14 - Medição mensal aprovada. | T9: =IFERROR(IF(INDEX(ETAPAS!$B:$B,MATCH($A9,ETAPAS!$A:$A,0))="","",INDEX(ETAPAS!$B:$B,MATCH($A9,ETAPAS!$A:$A,0))),"") -> 4. ESTRUTURA METÁLICA
A10: 2808 | B10: =IFERROR(IF(INDEX(CRONOGRAMA!$B:$B,MATCH($A10,CRONOGRAMA!$A:$A,0))="","",INDEX(CRONOGRAMA!$B:$B,MATCH($A10,CRONOGRAMA!$A:$A,0))),IFERROR(IF(INDEX(CARTEIRA!$B:$B,MATCH($A10,CARTEIRA!$A:$A,0))="","",INDEX(CARTEIRA!$B:$B,MATCH($A10,CARTEIRA!$A:$A,0))),"")) -> GALPÃO ANEL VIÁRIO | C10: =IFERROR(IF(INDEX(CRONOGRAMA!$C:$C,MATCH($A10,CRONOGRAMA!$A:$A,0))="","",INDEX(CRONOGRAMA!$C:$C,MATCH($A10,CRONOGRAMA!$A:$A,0))),IFERROR(IF(INDEX(CARTEIRA!$C:$C,MATCH($A10,CARTEIRA!$A:$A,0))="","",INDEX(CARTEIRA!$C:$C,MATCH($A10,CARTEIRA!$A:$A,0))),"")) -> CLIENTE DELTA | D10: =IFERROR(IF(INDEX(CRONOGRAMA!$F:$F,MATCH($A10,CRONOGRAMA!$A:$A,0))="","",INDEX(CRONOGRAMA!$F:$F,MATCH($A10,CRONOGRAMA!$A:$A,0))),IFERROR(IF(INDEX(CARTEIRA!$E:$E,MATCH($A10,CARTEIRA!$A:$A,0))="","",INDEX(CARTEIRA!$E:$E,MATCH($A10,CARTEIRA!$A:$A,0))),"")) -> MG | E10: =IFERROR(IF(INDEX(CRONOGRAMA!$E:$E,MATCH($A10,CRONOGRAMA!$A:$A,0))="","",INDEX(CRONOGRAMA!$E:$E,MATCH($A10,CRONOGRAMA!$A:$A,0))),IFERROR(IF(INDEX(CARTEIRA!$D:$D,MATCH($A10,CARTEIRA!$A:$A,0))="","",INDEX(CARTEIRA!$D:$D,MATCH($A10,CARTEIRA!$A:$A,0))),"")) -> BELO HORIZONTE | F10: =IFERROR(IF(INDEX(CARTEIRA!$H:$H,MATCH($A10,CARTEIRA!$A:$A,0))="","",INDEX(CARTEIRA!$H:$H,MATCH($A10,CARTEIRA!$A:$A,0))),"") -> MÉDIA | G10: =IFERROR(IF(INDEX(CRONOGRAMA!$G:$G,MATCH($A10,CRONOGRAMA!$A:$A,0))="","",INDEX(CRONOGRAMA!$G:$G,MATCH($A10,CRONOGRAMA!$A:$A,0))),IFERROR(IF(INDEX(CARTEIRA!$F:$F,MATCH($A10,CARTEIRA!$A:$A,0))="","",INDEX(CARTEIRA!$F:$F,MATCH($A10,CARTEIRA!$A:$A,0))),"")) -> CONSTRUÇÃO | H10: =IFERROR(IF(INDEX(CARTEIRA!$G:$G,MATCH($A10,CARTEIRA!$A:$A,0))="","",INDEX(CARTEIRA!$G:$G,MATCH($A10,CARTEIRA!$A:$A,0))),"") -> 33900 | I10: =IFERROR(IF(INDEX(CARTEIRA!$I:$I,MATCH($A10,CARTEIRA!$A:$A,0))="","",INDEX(CARTEIRA!$I:$I,MATCH($A10,CARTEIRA!$A:$A,0))),"") -> 46658 | J10: =IFERROR(IF(INDEX(CONTRATOS!$C:$C,MATCH($A10,CONTRATOS!$A:$A,0))="","",INDEX(CONTRATOS!$C:$C,MATCH($A10,CONTRATOS!$A:$A,0))),"") -> 46713 | K10: 46792 | L10: 46837 | N10: =IFERROR(IF(INDEX(CRONOGRAMA!$H:$H,MATCH($A10,CRONOGRAMA!$A:$A,0))="","",INDEX(CRONOGRAMA!$H:$H,MATCH($A10,CRONOGRAMA!$A:$A,0))),IFERROR(IF(INDEX(CARTEIRA!$K:$K,MATCH($A10,CARTEIRA!$A:$A,0))="","",INDEX(CARTEIRA!$K:$K,MATCH($A10,CARTEIRA!$A:$A,0))),"")) -> 46867 | O10: =IFERROR(IF(INDEX(CRONOGRAMA!$I:$I,MATCH($A10,CRONOGRAMA!$A:$A,0))="","",INDEX(CRONOGRAMA!$I:$I,MATCH($A10,CRONOGRAMA!$A:$A,0))),IFERROR(IF(INDEX(CARTEIRA!$L:$L,MATCH($A10,CARTEIRA!$A:$A,0))="","",INDEX(CARTEIRA!$L:$L,MATCH($A10,CARTEIRA!$A:$A,0))),"")) -> 47017 | P10: =IFERROR(O10-N10,"") -> 150 | Q10: =IFERROR(IF(INDEX(CRONOGRAMA!$J:$J,MATCH($A10,CRONOGRAMA!$A:$A,0))="","",INDEX(CRONOGRAMA!$J:$J,MATCH($A10,CRONOGRAMA!$A:$A,0))),IFERROR(IF(INDEX(CARTEIRA!$M:$M,MATCH($A10,CARTEIRA!$A:$A,0))="","",INDEX(CARTEIRA!$M:$M,MATCH($A10,CARTEIRA!$A:$A,0))),"")) -> 47031 | R10: 10/11/2027 09:07 - Concretagem do piso industrial programada. ------------------------------------------------------------ 19/11/2027 10:24 - Ligação de energia solicitada à concessionária. ------------------------------------------------------------ 28/11/2027 11:41 - Vistoria do corpo de bombeiros agendada. ------------------------------------------------------------ 07/12/2027 12:58 - Medição mensal aprovada. ------------------------------------------------------------ 16/12/2027 13:15 - Chuvas atrasaram a terraplenagem em uma semana. ------------------------------------------------------------ 25/12/2027 14:32 - Reunião de partida realizada com a construtora. | S10: 25/12/2027 14:32 - Reunião de partida realizada com a construtora. | T10: =IFERROR(IF(INDEX(ETAPAS!$B:$B,MATCH($A10,ETAPAS!$A:$A,0))="","",INDEX(ETAPAS!$B:$B,MATCH($A10,ETAPAS!$A:$A,0))),"") -> 6. PISO INDUSTRIAL
A11: 2809 | B11: =IFERROR(IF(INDEX(CRONOGRAMA!$B:$B,MATCH($A11,CRONOGRAMA!$A:$A,0))="","",INDEX(CRONOGRAMA!$B:$B,MATCH($A11,CRONOGRAMA!$A:$A,0))),IFERROR(IF(INDEX(CARTEIRA!$B:$B,MATCH($A11,CARTEIRA!$A:$A,0))="","",INDEX(CARTEIRA!$B:$B,MATCH($A11,CARTEIRA!$A:$A,0))),"")) -> CD MARGINAL | C11: =IFERROR(IF(INDEX(CRONOGRAMA!$C:$C,MATCH($A11,CRONOGRAMA!$A:$A,0))="","",INDEX(CRONOGRAMA!$C:$C,MATCH($A11,CRONOGRAMA!$A:$A,0))),IFERROR(IF(INDEX(CARTEIRA!$C:$C,MATCH($A11,CARTEIRA!$A:$A,0))="","",INDEX(CARTEIRA!$C:$C,MATCH($A11,CARTEIRA!$A:$A,0))),"")) -> CLIENTE ATLAS | D11: =IFERROR(IF(INDEX(CRONOGRAMA!$F:$F,MATCH($A11,CRONOGRAMA!$A:$A,0))="","",INDEX(CRONOGRAMA!$F:$F,MATCH($A11,CRONOGRAMA!$A:$A,0))),IFERROR(IF(INDEX(CARTEIRA!$E:$E,MATCH($A11,CARTEIRA!$A:$A,0))="","",INDEX(CARTEIRA!$E:$E,MATCH($A11,CARTEIRA!$A:$A,0))),"")) -> PE | E11: =IFERROR(IF(INDEX(CRONOGRAMA!$E:$E,MATCH($A11,CRONOGRAMA!$A:$A,0))="","",INDEX(CRONOGRAMA!$E:$E,MATCH($A11,CRONOGRAMA!$A:$A,0))),IFERROR(IF(INDEX(CARTEIRA!$D:$D,MATCH($A11,CARTEIRA!$A:$A,0))="","",INDEX(CARTEIRA!$D:$D,MATCH($A11,CARTEIRA!$A:$A,0))),"")) -> RECIFE | F11: =IFERROR(IF(INDEX(CARTEIRA!$H:$H,MATCH($A11,CARTEIRA!$A:$A,0))="","",INDEX(CARTEIRA!$H:$H,MATCH($A11,CARTEIRA!$A:$A,0))),"") -> ALTA | G11: =IFERROR(IF(INDEX(CRONOGRAMA!$G:$G,MATCH($A11,CRONOGRAMA!$A:$A,0))="","",INDEX(CRONOGRAMA!$G:$G,MATCH($A11,CRONOGRAMA!$A:$A,0))),IFERROR(IF(INDEX(CARTEIRA!$F:$F,MATCH($A11,CARTEIRA!$A:$A,0))="","",INDEX(CARTEIRA!$F:$F,MATCH($A11,CARTEIRA!$A:$A,0))),"")) -> AMPLIAÇÃO | H11: =IFERROR(IF(INDEX(CARTEIRA!$G:$G,MATCH($A11,CARTEIRA!$A:$A,0))="","",INDEX(CARTEIRA!$G:$G,MATCH($A11,CARTEIRA!$A:$A,0))),"") -> 37600 | I11: =IFERROR(IF(INDEX(CARTEIRA!$I:$I,MATCH($A11,CARTEIRA!$A:$A,0))="","",INDEX(CARTEIRA!$I:$I,MATCH($A11,CARTEIRA!$A:$A,0))),"") -> 46675 | J11: =IFERROR(IF(INDEX(CONTRATOS!$C:$C,MATCH($A11,CONTRATOS!$A:$A,0))="","",INDEX(CONTRATOS!$C:$C,MATCH($A11,CONTRATOS!$A:$A,0))),"") -> 46724 | K11: 46799 | L11: 46844 | M11: 46864 | N11: =IFERROR(IF(INDEX(CRONOGRAMA!$H:$H,MATCH($A11,CRONOGRAMA!$A:$A,0))="","",INDEX(CRONOGRAMA!$H:$H,MATCH($A11,CRONOGRAMA!$A:$A,0))),IFERROR(IF(INDEX(CARTEIRA!$K:$K,MATCH($A11,CARTEIRA!$A:$A,0))="","",INDEX(CARTEIRA!$K:$K,MATCH($A11,CARTEIRA!$A:$A,0))),"")) -> 46874 | O11: =IFERROR(IF(INDEX(CRONOGRAMA!$I:$I,MATCH($A11,CRONOGRAMA!$A:$A,0))="","",INDEX(CRONOGRAMA!$I:$I,MATCH($A11,CRONOGRAMA!$A:$A,0))),IFERROR(IF(INDEX(CARTEIRA!$L:$L,MATCH($A11,CARTEIRA!$A:$A,0))="","",INDEX(CARTEIRA!$L:$L,MATCH($A11,CARTEIRA!$A:$A,0))),"")) -> 46994 | P11: =IFERROR(O11-N11,"") -> 120 | Q11: =IFERROR(IF(INDEX(CRONOGRAMA!$J:$J,MATCH($A11,CRONOGRAMA!$A:$A,0))="","",INDEX(CRONOGRAMA!$J:$J,MATCH($A11,CRONOGRAMA!$A:$A,0))),IFERROR(IF(INDEX(CARTEIRA!$M:$M,MATCH($A11,CARTEIRA!$A:$A,0))="","",INDEX(CARTEIRA!$M:$M,MATCH($A11,CARTEIRA!$A:$A,0))),"")) -> 47008 | R11: 11/11/2027 09:08 - Ligação de energia solicitada à concessionária. ------------------------------------------------------------ 20/11/2027 10:25 - Vistoria do corpo de bombeiros agendada. ------------------------------------------------------------ 29/11/2027 11:42 - Medição mensal aprovada. ------------------------------------------------------------ 08/12/2027 12:59 - Chuvas atrasaram a terraplenagem em uma semana. ------------------------------------------------------------ 17/12/2027 13:16 - Reunião de partida realizada com a construtora. ------------------------------------------------------------ 26/12/2027 14:33 - Topografia concluída; liberada a terraplenagem. ------------------------------------------------------------ 04/01/2028 15:50 - Sondagem do terreno entregue; fundação revisada. | S11: 04/01/2028 15:50 - Sondagem do terreno entregue; fundação revisada. | T11: =IFERROR(IF(INDEX(ETAPAS!$B:$B,MATCH($A11,ETAPAS!$A:$A,0))="","",INDEX(ETAPAS!$B:$B,MATCH($A11,ETAPAS!$A:$A,0))),"") -> 8. ACABAMENTO
A12: 2810 | B12: =IFERROR(IF(INDEX(CRONOGRAMA!$B:$B,MATCH($A12,CRONOGRAMA!$A:$A,0))="","",INDEX(CRONOGRAMA!$B:$B,MATCH($A12,CRONOGRAMA!$A:$A,0))),IFERROR(IF(INDEX(CARTEIRA!$B:$B,MATCH($A12,CARTEIRA!$A:$A,0))="","",INDEX(CARTEIRA!$B:$B,MATCH($A12,CARTEIRA!$A:$A,0))),"")) -> GALPÃO PARQUE INDUSTRIAL | C12: =IFERROR(IF(INDEX(CRONOGRAMA!$C:$C,MATCH($A12,CRONOGRAMA!$A:$A,0))="","",INDEX(CRONOGRAMA!$C:$C,MATCH($A12,CRONOGRAMA!$A:$A,0))),IFERROR(IF(INDEX(CARTEIRA!$C:$C,MATCH($A12,CARTEIRA!$A:$A,0))="","",INDEX(CARTEIRA!$C:$C,MATCH($A12,CARTEIRA!$A:$A,0))),"")) -> CLIENTE BOREAL | D12: =IFERROR(IF(INDEX(CRONOGRAMA!$F:$F,MATCH($A12,CRONOGRAMA!$A:$A,0))="","",INDEX(CRONOGRAMA!$F:$F,MATCH($A12,CRONOGRAMA!$A:$A,0))),IFERROR(IF(INDEX(CARTEIRA!$E:$E,MATCH($A12,CARTEIRA!$A:$A,0))="","",INDEX(CARTEIRA!$E:$E,MATCH($A12,CARTEIRA!$A:$A,0))),"")) -> RJ | E12: =IFERROR(IF(INDEX(CRONOGRAMA!$E:$E,MATCH($A12,CRONOGRAMA!$A:$A,0))="","",INDEX(CRONOGRAMA!$E:$E,MATCH($A12,CRONOGRAMA!$A:$A,0))),IFERROR(IF(INDEX(CARTEIRA!$D:$D,MATCH($A12,CARTEIRA!$A:$A,0))="","",INDEX(CARTEIRA!$D:$D,MATCH($A12,CARTEIRA!$A:$A,0))),"")) -> RIO DE JANEIRO | F12: =IFERROR(IF(INDEX(CARTEIRA!$H:$H,MATCH($A12,CARTEIRA!$A:$A,0))="","",INDEX(CARTEIRA!$H:$H,MATCH($A12,CARTEIRA!$A:$A,0))),"") -> MÉDIA | G12: =IFERROR(IF(INDEX(CRONOGRAMA!$G:$G,MATCH($A12,CRONOGRAMA!$A:$A,0))="","",INDEX(CRONOGRAMA!$G:$G,MATCH($A12,CRONOGRAMA!$A:$A,0))),IFERROR(IF(INDEX(CARTEIRA!$F:$F,MATCH($A12,CARTEIRA!$A:$A,0))="","",INDEX(CARTEIRA!$F:$F,MATCH($A12,CARTEIRA!$A:$A,0))),"")) -> RETROFIT | H12: =IFERROR(IF(INDEX(CARTEIRA!$G:$G,MATCH($A12,CARTEIRA!$A:$A,0))="","",INDEX(CARTEIRA!$G:$G,MATCH($A12,CARTEIRA!$A:$A,0))),"") -> 41300 | I12: =IFERROR(IF(INDEX(CARTEIRA!$I:$I,MATCH($A12,CARTEIRA!$A:$A,0))="","",INDEX(CARTEIRA!$I:$I,MATCH($A12,CARTEIRA!$A:$A,0))),"") -> 46692 | J12: =IFERROR(IF(INDEX(CONTRATOS!$C:$C,MATCH($A12,CONTRATOS!$A:$A,0))="","",INDEX(CONTRATOS!$C:$C,MATCH($A12,CONTRATOS!$A:$A,0))),"") -> 46735 | K12: 46806 | N12: =IFERROR(IF(INDEX(CRONOGRAMA!$H:$H,MATCH($A12,CRONOGRAMA!$A:$A,0))="","",INDEX(CRONOGRAMA!$H:$H,MATCH($A12,CRONOGRAMA!$A:$A,0))),IFERROR(IF(INDEX(CARTEIRA!$K:$K,MATCH($A12,CARTEIRA!$A:$A,0))="","",INDEX(CARTEIRA!$K:$K,MATCH($A12,CARTEIRA!$A:$A,0))),"")) -> 46881 | O12: =IFERROR(IF(INDEX(CRONOGRAMA!$I:$I,MATCH($A12,CRONOGRAMA!$A:$A,0))="","",INDEX(CRONOGRAMA!$I:$I,MATCH($A12,CRONOGRAMA!$A:$A,0))),IFERROR(IF(INDEX(CARTEIRA!$L:$L,MATCH($A12,CARTEIRA!$A:$A,0))="","",INDEX(CARTEIRA!$L:$L,MATCH($A12,CARTEIRA!$A:$A,0))),"")) -> 47011 | P12: =IFERROR(O12-N12,"") -> 130 | Q12: =IFERROR(IF(INDEX(CRONOGRAMA!$J:$J,MATCH($A12,CRONOGRAMA!$A:$A,0))="","",INDEX(CRONOGRAMA!$J:$J,MATCH($A12,CRONOGRAMA!$A:$A,0))),IFERROR(IF(INDEX(CARTEIRA!$M:$M,MATCH($A12,CARTEIRA!$A:$A,0))="","",INDEX(CARTEIRA!$M:$M,MATCH($A12,CARTEIRA!$A:$A,0))),"")) -> 47025 | R12: 12/11/2027 09:09 - Vistoria do corpo de bombeiros agendada. ------------------------------------------------------------ 21/11/2027 10:26 - Medição mensal aprovada. ------------------------------------------------------------ 30/11/2027 11:43 - Chuvas atrasaram a terraplenagem em uma semana. ------------------------------------------------------------ 09/12/2027 12:00 - Reunião de partida realizada com a construtora. ------------------------------------------------------------ 18/12/2027 13:17 - Topografia concluída; liberada a terraplenagem. ------------------------------------------------------------ 27/12/2027 14:34 - Sondagem do terreno entregue; fundação revisada. ------------------------------------------------------------ 05/01/2028 15:51 - Projeto executivo aprovado pelo cliente. ------------------------------------------------------------ 14/01/2028 16:08 - Protocolo do alvará na prefeitura; aguardando análise. | S12: 14/01/2028 16:08 - Protocolo do alvará na prefeitura; aguardando análise. | T12: =IFERROR(IF(INDEX(ETAPAS!$B:$B,MATCH($A12,ETAPAS!$A:$A,0))="","",INDEX(ETAPAS!$B:$B,MATCH($A12,ETAPAS!$A:$A,0))),"") -> 1. MOBILIZAÇÃO
A13: 2811 | B13: =IFERROR(IF(INDEX(CRONOGRAMA!$B:$B,MATCH($A13,CRONOGRAMA!$A:$A,0))="","",INDEX(CRONOGRAMA!$B:$B,MATCH($A13,CRONOGRAMA!$A:$A,0))),IFERROR(IF(INDEX(CARTEIRA!$B:$B,MATCH($A13,CARTEIRA!$A:$A,0))="","",INDEX(CARTEIRA!$B:$B,MATCH($A13,CARTEIRA!$A:$A,0))),"")) -> HUB CENTRO | C13: =IFERROR(IF(INDEX(CRONOGRAMA!$C:$C,MATCH($A13,CRONOGRAMA!$A:$A,0))="","",INDEX(CRONOGRAMA!$C:$C,MATCH($A13,CRONOGRAMA!$A:$A,0))),IFERROR(IF(INDEX(CARTEIRA!$C:$C,MATCH($A13,CARTEIRA!$A:$A,0))="","",INDEX(CARTEIRA!$C:$C,MATCH($A13,CARTEIRA!$A:$A,0))),"")) -> CLIENTE CRUZEIRO | D13: =IFERROR(IF(INDEX(CRONOGRAMA!$F:$F,MATCH($A13,CRONOGRAMA!$A:$A,0))="","",INDEX(CRONOGRAMA!$F:$F,MATCH($A13,CRONOGRAMA!$A:$A,0))),IFERROR(IF(INDEX(CARTEIRA!$E:$E,MATCH($A13,CARTEIRA!$A:$A,0))="","",INDEX(CARTEIRA!$E:$E,MATCH($A13,CARTEIRA!$A:$A,0))),"")) -> SP | E13: =IFERROR(IF(INDEX(CRONOGRAMA!$E:$E,MATCH($A13,CRONOGRAMA!$A:$A,0))="","",INDEX(CRONOGRAMA!$E:$E,MATCH($A13,CRONOGRAMA!$A:$A,0))),IFERROR(IF(INDEX(CARTEIRA!$D:$D,MATCH($A13,CARTEIRA!$A:$A,0))="","",INDEX(CARTEIRA!$D:$D,MATCH($A13,CARTEIRA!$A:$A,0))),"")) -> SAO PAULO | F13: =IFERROR(IF(INDEX(CARTEIRA!$H:$H,MATCH($A13,CARTEIRA!$A:$A,0))="","",INDEX(CARTEIRA!$H:$H,MATCH($A13,CARTEIRA!$A:$A,0))),"") -> BAIXA | G13: =IFERROR(IF(INDEX(CRONOGRAMA!$G:$G,MATCH($A13,CRONOGRAMA!$A:$A,0))="","",INDEX(CRONOGRAMA!$G:$G,MATCH($A13,CRONOGRAMA!$A:$A,0))),IFERROR(IF(INDEX(CARTEIRA!$F:$F,MATCH($A13,CARTEIRA!$A:$A,0))="","",INDEX(CARTEIRA!$F:$F,MATCH($A13,CARTEIRA!$A:$A,0))),"")) -> CONSTRUÇÃO | H13: =IFERROR(IF(INDEX(CARTEIRA!$G:$G,MATCH($A13,CARTEIRA!$A:$A,0))="","",INDEX(CARTEIRA!$G:$G,MATCH($A13,CARTEIRA!$A:$A,0))),"") -> 45000 | I13: =IFERROR(IF(INDEX(CARTEIRA!$I:$I,MATCH($A13,CARTEIRA!$A:$A,0))="","",INDEX(CARTEIRA!$I:$I,MATCH($A13,CARTEIRA!$A:$A,0))),"") -> 46709 | J13: =IFERROR(IF(INDEX(CONTRATOS!$C:$C,MATCH($A13,CONTRATOS!$A:$A,0))="","",INDEX(CONTRATOS!$C:$C,MATCH($A13,CONTRATOS!$A:$A,0))),"") -> 46746 | K13: 46813 | L13: 46858 | M13: 46878 | N13: =IFERROR(IF(INDEX(CRONOGRAMA!$H:$H,MATCH($A13,CRONOGRAMA!$A:$A,0))="","",INDEX(CRONOGRAMA!$H:$H,MATCH($A13,CRONOGRAMA!$A:$A,0))),IFERROR(IF(INDEX(CARTEIRA!$K:$K,MATCH($A13,CARTEIRA!$A:$A,0))="","",INDEX(CARTEIRA!$K:$K,MATCH($A13,CARTEIRA!$A:$A,0))),"")) -> 46888 | O13: =IFERROR(IF(INDEX(CRONOGRAMA!$I:$I,MATCH($A13,CRONOGRAMA!$A:$A,0))="","",INDEX(CRONOGRAMA!$I:$I,MATCH($A13,CRONOGRAMA!$A:$A,0))),IFERROR(IF(INDEX(CARTEIRA!$L:$L,MATCH($A13,CARTEIRA!$A:$A,0))="","",INDEX(CARTEIRA!$L:$L,MATCH($A13,CARTEIRA!$A:$A,0))),"")) -> 47028 | P13: =IFERROR(O13-N13,"") -> 140 | Q13: =IFERROR(IF(INDEX(CRONOGRAMA!$J:$J,MATCH($A13,CRONOGRAMA!$A:$A,0))="","",INDEX(CRONOGRAMA!$J:$J,MATCH($A13,CRONOGRAMA!$A:$A,0))),IFERROR(IF(INDEX(CARTEIRA!$M:$M,MATCH($A13,CARTEIRA!$A:$A,0))="","",INDEX(CARTEIRA!$M:$M,MATCH($A13,CARTEIRA!$A:$A,0))),"")) -> 47042 | R13: 08/11/2027 09:10 - Medição mensal aprovada. ------------------------------------------------------------ 17/11/2027 10:27 - Chuvas atrasaram a terraplenagem em uma semana. ------------------------------------------------------------ 26/11/2027 11:44 - Reunião de partida realizada com a construtora. ------------------------------------------------------------ 05/12/2027 12:01 - Topografia concluída; liberada a terraplenagem. | S13: 05/12/2027 12:01 - Topografia concluída; liberada a terraplenagem. | T13: =IFERROR(IF(INDEX(ETAPAS!$B:$B,MATCH($A13,ETAPAS!$A:$A,0))="","",INDEX(ETAPAS!$B:$B,MATCH($A13,ETAPAS!$A:$A,0))),"") -> 3. FUNDAÇÃO
A14: 2812 | B14: =IFERROR(IF(INDEX(CRONOGRAMA!$B:$B,MATCH($A14,CRONOGRAMA!$A:$A,0))="","",INDEX(CRONOGRAMA!$B:$B,MATCH($A14,CRONOGRAMA!$A:$A,0))),IFERROR(IF(INDEX(CARTEIRA!$B:$B,MATCH($A14,CARTEIRA!$A:$A,0))="","",INDEX(CARTEIRA!$B:$B,MATCH($A14,CARTEIRA!$A:$A,0))),"")) -> GALPÃO TREVO | C14: =IFERROR(IF(INDEX(CRONOGRAMA!$C:$C,MATCH($A14,CRONOGRAMA!$A:$A,0))="","",INDEX(CRONOGRAMA!$C:$C,MATCH($A14,CRONOGRAMA!$A:$A,0))),IFERROR(IF(INDEX(CARTEIRA!$C:$C,MATCH($A14,CARTEIRA!$A:$A,0))="","",INDEX(CARTEIRA!$C:$C,MATCH($A14,CARTEIRA!$A:$A,0))),"")) -> CLIENTE DELTA | D14: =IFERROR(IF(INDEX(CRONOGRAMA!$F:$F,MATCH($A14,CRONOGRAMA!$A:$A,0))="","",INDEX(CRONOGRAMA!$F:$F,MATCH($A14,CRONOGRAMA!$A:$A,0))),IFERROR(IF(INDEX(CARTEIRA!$E:$E,MATCH($A14,CARTEIRA!$A:$A,0))="","",INDEX(CARTEIRA!$E:$E,MATCH($A14,CARTEIRA!$A:$A,0))),"")) -> SP | E14: =IFERROR(IF(INDEX(CRONOGRAMA!$E:$E,MATCH($A14,CRONOGRAMA!$A:$A,0))="","",INDEX(CRONOGRAMA!$E:$E,MATCH($A14,CRONOGRAMA!$A:$A,0))),IFERROR(IF(INDEX(CARTEIRA!$D:$D,MATCH($A14,CARTEIRA!$A:$A,0))="","",INDEX(CARTEIRA!$D:$D,MATCH($A14,CARTEIRA!$A:$A,0))),"")) -> CAMPINAS | F14: =IFERROR(IF(INDEX(CARTEIRA!$H:$H,MATCH($A14,CARTEIRA!$A:$A,0))="","",INDEX(CARTEIRA!$H:$H,MATCH($A14,CARTEIRA!$A:$A,0))),"") -> MÉDIA | G14: =IFERROR(IF(INDEX(CRONOGRAMA!$G:$G,MATCH($A14,CRONOGRAMA!$A:$A,0))="","",INDEX(CRONOGRAMA!$G:$G,MATCH($A14,CRONOGRAMA!$A:$A,0))),IFERROR(IF(INDEX(CARTEIRA!$F:$F,MATCH($A14,CARTEIRA!$A:$A,0))="","",INDEX(CARTEIRA!$F:$F,MATCH($A14,CARTEIRA!$A:$A,0))),"")) -> ADEQUAÇÃO | H14: =IFERROR(IF(INDEX(CARTEIRA!$G:$G,MATCH($A14,CARTEIRA!$A:$A,0))="","",INDEX(CARTEIRA!$G:$G,MATCH($A14,CARTEIRA!$A:$A,0))),"") -> 48700 | I14: =IFERROR(IF(INDEX(CARTEIRA!$I:$I,MATCH($A14,CARTEIRA!$A:$A,0))="","",INDEX(CARTEIRA!$I:$I,MATCH($A14,CARTEIRA!$A:$A,0))),"") -> 46726 | J14: =IFERROR(IF(INDEX(CONTRATOS!$C:$C,MATCH($A14,CONTRATOS!$A:$A,0))="","",INDEX(CONTRATOS!$C:$C,MATCH($A14,CONTRATOS!$A:$A,0))),"") -> 46757 | K14: 46862 | L14: 46907 | N14: =IFERROR(IF(INDEX(CRONOGRAMA!$H:$H,MATCH($A14,CRONOGRAMA!$A:$A,0))="","",INDEX(CRONOGRAMA!$H:$H,MATCH($A14,CRONOGRAMA!$A:$A,0))),IFERROR(IF(INDEX(CARTEIRA!$K:$K,MATCH($A14,CARTEIRA!$A:$A,0))="","",INDEX(CARTEIRA!$K:$K,MATCH($A14,CARTEIRA!$A:$A,0))),"")) -> 46937 | O14: =IFERROR(IF(INDEX(CRONOGRAMA!$I:$I,MATCH($A14,CRONOGRAMA!$A:$A,0))="","",INDEX(CRONOGRAMA!$I:$I,MATCH($A14,CRONOGRAMA!$A:$A,0))),IFERROR(IF(INDEX(CARTEIRA!$L:$L,MATCH($A14,CARTEIRA!$A:$A,0))="","",INDEX(CARTEIRA!$L:$L,MATCH($A14,CARTEIRA!$A:$A,0))),"")) -> 47095 | P14: =IFERROR(O14-N14,"") -> 158 | Q14: =IFERROR(IF(INDEX(CRONOGRAMA!$J:$J,MATCH($A14,CRONOGRAMA!$A:$A,0))="","",INDEX(CRONOGRAMA!$J:$J,MATCH($A14,CRONOGRAMA!$A:$A,0))),IFERROR(IF(INDEX(CARTEIRA!$M:$M,MATCH($A14,CARTEIRA!$A:$A,0))="","",INDEX(CARTEIRA!$M:$M,MATCH($A14,CARTEIRA!$A:$A,0))),"")) -> 47107 | R14: 09/11/2027 09:11 - Chuvas atrasaram a terraplenagem em uma semana. ------------------------------------------------------------ 18/11/2027 10:28 - Reunião de partida realizada com a construtora. ------------------------------------------------------------ 27/11/2027 11:45 - Topografia concluída; liberada a terraplenagem. ------------------------------------------------------------ 06/12/2027 12:02 - Sondagem do terreno entregue; fundação revisada. ------------------------------------------------------------ 15/12/2027 13:19 - Projeto executivo aprovado pelo cliente. | S14: 15/12/2027 13:19 - Projeto executivo aprovado pelo cliente. | T14: =IFERROR(IF(INDEX(ETAPAS!$B:$B,MATCH($A14,ETAPAS!$A:$A,0))="","",INDEX(ETAPAS!$B:$B,MATCH($A14,ETAPAS!$A:$A,0))),"") -> 5. COBERTURA

Sheet CRONOGRAMA
A1: CÓDIGO | B1: NOME | C1: CLIENTE | D1: ENDEREÇO | E1: CIDADE | F1: UF | G1: TIPO DE OBRA | H1: INÍCIO DA OBRA | I1: FIM DA OBRA | J1: ENTREGA PREVISTA | K1: SITUAÇÃO
A2: 2801 | B2: GALPÃO NORTE 1 | C2: CLIENTE ATLAS | D2: ROD. EXEMPLO, KM 12 | E2: CAMPINAS | F2: SP | G2: CONSTRUÇÃO | H2: 46697 | I2: 46836 | J2: 46850 | K2: ENTREGUE
A3: 2802 | B3: CD RODOVIA SUL | C3: CLIENTE BOREAL | D3: ROD. EXEMPLO, KM 15 | E3: JUNDIAI | F3: SP | G3: CONSTRUÇÃO | H3: 46825 | I3: 46955 | J3: 46969 | K3: EM ANDAMENTO
A4: 2803 | B4: CONDOMÍNIO LOGÍSTICO VALE | C4: CLIENTE CRUZEIRO | D4: ROD. EXEMPLO, KM 18 | E4: GUARULHOS | F4: SP | G4: AMPLIAÇÃO | H4: 46832 | I4: 46972 | J4: 46986 | K4: EM ANDAMENTO
A5: 2804 | B5: GALPÃO SERRA AZUL | C5: CLIENTE DELTA | D5: ROD. EXEMPLO, KM 21 | E5: BARUERI | F5: SP | G5: RETROFIT | H5: 46762 | I5: 46886 | J5: 46899 | K5: EM ANDAMENTO
A6: 2805 | B6: CENTRO DE DISTRIBUIÇÃO LESTE | C6: CLIENTE ATLAS | D6: ROD. EXEMPLO, KM 24 | E6: SAO JOSE DOS CAMPOS | F6: SP | G6: CONSTRUÇÃO | H6: 46846 | I6: 46966 | J6: 46980 | K6: EM ANDAMENTO
A7: 2806 | B7: GALPÃO PORTO SECO | C7: CLIENTE BOREAL | D7: ROD. EXEMPLO, KM 27 | E7: SOROCABA | F7: SP | G7: ADEQUAÇÃO | H7: 46739 | I7: 46864 | J7: 46876 | K7: EM ANDAMENTO
A8: 2807 | B8: ARMAZÉM FRIGORIFICADO OESTE | C8: CLIENTE CRUZEIRO | D8: ROD. EXEMPLO, KM 30 | E8: CURITIBA | F8: PR | G8: CONSTRUÇÃO | H8: 46860 | I8: 47000 | J8: 47014 | K8: EM ANDAMENTO
A9: 2808 | B9: GALPÃO ANEL VIÁRIO | C9: CLIENTE DELTA | D9: ROD. EXEMPLO, KM 33 | E9: BELO HORIZONTE | F9: MG | G9: CONSTRUÇÃO | H9: 46867 | I9: 47017 | J9: 47031 | K9: EM ANDAMENTO
A10: 2809 | B10: CD MARGINAL | C10: CLIENTE ATLAS | D10: ROD. EXEMPLO, KM 36 | E10: RECIFE | F10: PE | G10: AMPLIAÇÃO | H10: 46874 | I10: 46994 | J10: 47008 | K10: EM ANDAMENTO
A11: 2810 | B11: GALPÃO PARQUE INDUSTRIAL | C11: CLIENTE BOREAL | D11: ROD. EXEMPLO, KM 39 | E11: RIO DE JANEIRO | F11: RJ | G11: RETROFIT | H11: 46881 | I11: 47011 | J11: 47025 | K11: EM ANDAMENTO
A12: 2811 | B12: HUB CENTRO | C12: CLIENTE CRUZEIRO | D12: ROD. EXEMPLO, KM 42 | E12: SAO PAULO | F12: SP | G12: CONSTRUÇÃO | H12: 46888 | I12: 47028 | J12: 47042 | K12: EM ANDAMENTO
A13: 2812 | B13: GALPÃO TREVO | C13: CLIENTE DELTA | D13: ROD. EXEMPLO, KM 45 | E13: CAMPINAS | F13: SP | G13: ADEQUAÇÃO | H13: 46937 | I13: 47095 | J13: 47107 | K13: EM ANDAMENTO
... A16: 2815 | B16: ARMAZÉM GRANELEIRO | C16: CLIENTE CRUZEIRO | D16: ROD. EXEMPLO, KM 54 | E16: BARUERI | F16: SP | G16: AMPLIAÇÃO | H16: 47000 | I16: 47133 | J16: 47147 | K16: EM ANDAMENTO

Sheet CARTEIRA
A1: CÓDIGO | B1: NOME | C1: CLIENTE | D1: CIDADE | E1: UF | F1: TIPO DE OBRA | G1: ÁREA (m²) | H1: CRITICIDADE | I1: APROVAÇÃO | J1: SITUAÇÃO | K1: INÍCIO PREVISTO | L1: FIM PREVISTO | M1: ENTREGA PREVISTA
A2: 2801 | B2: GALPÃO NORTE 1 | C2: CLIENTE ATLAS | D2: CAMPINAS | E2: SP | F2: CONSTRUÇÃO | G2: 8000 | H2: ALTA | I2: 46539 | J2: APROVADA
A3: 2802 | B3: CD RODOVIA SUL | C3: CLIENTE BOREAL | D3: JUNDIAI | E3: SP | F3: CONSTRUÇÃO | G3: 11700 | H3: MÉDIA | I3: 46556 | J3: APROVADA
A4: 2803 | B4: CONDOMÍNIO LOGÍSTICO VALE | C4: CLIENTE CRUZEIRO | D4: GUARULHOS | E4: SP | F4: AMPLIAÇÃO | G4: 15400 | H4: BAIXA | I4: 46573 | J4: APROVADA
A5: 2804 | B5: GALPÃO SERRA AZUL | C5: CLIENTE DELTA | D5: BARUERI | E5: SP | F5: RETROFIT | G5: 19100 | H5: MÉDIA | I5: 46590 | J5: APROVADA
A6: 2805 | B6: CENTRO DE DISTRIBUIÇÃO LESTE | C6: CLIENTE ATLAS | D6: SAO JOSE DOS CAMPOS | E6: SP | F6: CONSTRUÇÃO | G6: 22800 | H6: ALTA | I6: 46607 | J6: APROVADA
A7: 2806 | B7: GALPÃO PORTO SECO | C7: CLIENTE BOREAL | D7: SOROCABA | E7: SP | F7: ADEQUAÇÃO | G7: 26500 | H7: MÉDIA | I7: 46624 | J7: APROVADA
A8: 2807 | B8: ARMAZÉM FRIGORIFICADO OESTE | C8: CLIENTE CRUZEIRO | D8: CURITIBA | E8: PR | F8: CONSTRUÇÃO | G8: 30200 | H8: BAIXA | I8: 46641 | J8: APROVADA
A9: 2808 | B9: GALPÃO ANEL VIÁRIO | C9: CLIENTE DELTA | D9: BELO HORIZONTE | E9: MG | F9: CONSTRUÇÃO | G9: 33900 | H9: MÉDIA | I9: 46658 | J9: APROVADA
A10: 2809 | B10: CD MARGINAL | C10: CLIENTE ATLAS | D10: RECIFE | E10: PE | F10: AMPLIAÇÃO | G10: 37600 | H10: ALTA | I10: 46675 | J10: APROVADA
A11: 2810 | B11: GALPÃO PARQUE INDUSTRIAL | C11: CLIENTE BOREAL | D11: RIO DE JANEIRO | E11: RJ | F11: RETROFIT | G11: 41300 | H11: MÉDIA | I11: 46692 | J11: APROVADA
A12: 2811 | B12: HUB CENTRO | C12: CLIENTE CRUZEIRO | D12: SAO PAULO | E12: SP | F12: CONSTRUÇÃO | G12: 45000 | H12: BAIXA | I12: 46709 | J12: APROVADA
A13: 2812 | B13: GALPÃO TREVO | C13: CLIENTE DELTA | D13: CAMPINAS | E13: SP | F13: ADEQUAÇÃO | G13: 48700 | H13: MÉDIA | I13: 46726 | J13: APROVADA
... A16: 2815 | B16: ARMAZÉM GRANELEIRO | C16: CLIENTE CRUZEIRO | D16: BARUERI | E16: SP | F16: AMPLIAÇÃO | G16: 17800 | H16: BAIXA | I16: 46777 | J16: APROVADA
A17: 2816 | B17: GALPÃO MODULAR A | C17: CLIENTE DELTA | D17: SAO JOSE DOS CAMPOS | E17: SP | F17: RETROFIT | G17: 21500 | H17: MÉDIA | I17: 46794 | J17: APROVADA | K17: 47028 | L17: 47154 | M17: 47168
A18: 2817 | B18: GALPÃO MODULAR B | C18: CLIENTE ATLAS | D18: SOROCABA | E18: SP | F18: CONSTRUÇÃO | G18: 25200 | H18: ALTA | I18: 46811 | J18: APROVADA | K18: 47028 | L18: 47154 | M18: 47168

Sheet ETAPAS
A1: CÓDIGO | B1: ETAPA
A2: 2801 | B2: 1. MOBILIZAÇÃO
A3: 2802 | B3: 3. FUNDAÇÃO
A4: 2803 | B4: 5. COBERTURA
A5: 2804 | B5: 7. INSTALAÇÕES
A6: 2805 | B6: 9. VISTORIA
A7: 2806 | B7: 2. TERRAPLENAGEM
A8: 2807 | B8: 4. ESTRUTURA METÁLICA
A9: 2808 | B9: 6. PISO INDUSTRIAL
A10: 2809 | B10: 8. ACABAMENTO
A11: 2810 | B11: 1. MOBILIZAÇÃO
A12: 2811 | B12: 3. FUNDAÇÃO
... A18: 2817 | B18: 6. PISO INDUSTRIAL

Sheet CONTRATOS
A1: CÓDIGO | B1: Nº CONTRATO | C1: ASSINATURA
A2: 2801 | B2: CT-2027-100 | C2: 46636
A3: 2802 | B3: CT-2027-101 | C3: 46647
A4: 2803 | B4: CT-2027-102 | C4: 46658
A5: 2804 | B5: CT-2027-103 | C5: 46669
A6: 2805 | B6: CT-2027-104 | C6: 46680
A7: 2806 | B7: CT-2027-105 | C7: 46691
A8: 2807 | B8: CT-2027-106 | C8: 46702
A9: 2808 | B9: CT-2027-107 | C9: 46713
A10: 2809 | B10: CT-2027-108 | C10: 46724
A11: 2810 | B11: CT-2027-109 | C11: 46735
A12: 2811 | B12: CT-2027-110 | C12: 46746
A13: 2812 | B13: CT-2027-111 | C13: 46757

Sheet ENTREGUES
A1: CÓDIGO | B1: NOME | C1: CLIENTE | D1: UF | E1: CIDADE | F1: CRITICIDADE | G1: TIPO DE OBRA | H1: ÁREA (m²) | I1: APROVAÇÃO | J1: CONTRATO ASSINADO | K1: PROJETO BÁSICO | L1: PROJETO EXECUTIVO | M1: ALVARÁ | N1: INÍCIO DA OBRA | O1: FIM DA OBRA | P1: PRAZO (DIAS) | Q1: ENTREGA | R1: HISTÓRICO | S1: ÚLTIMO REGISTRO | T1: ETAPA | U1: SITUAÇÃO
A2: 2818 | B2: CD CROSS DOCKING | C2: CLIENTE BOREAL | D2: PR | E2: CURITIBA | F2: MÉDIA | G2: ADEQUAÇÃO | H2: 28900 | I2: 46247 | J2: 46327 | K2: 46357 | L2: 46407 | M2: 46437 | N2: 46447 | O2: 46577 | P2: 130 | Q2: 46591 | R2: 08/11/2027 09:20 - Ligação de energia solicitada à concessionária. ------------------------------------------------------------ 17/11/2027 10:37 - Vistoria do corpo de bombeiros agendada. ------------------------------------------------------------ 26/11/2027 11:54 - Medição mensal aprovada. ------------------------------------------------------------ 05/12/2027 12:11 - Chuvas atrasaram a terraplenagem em uma semana. ------------------------------------------------------------ 14/12/2027 13:28 - Reunião de partida realizada com a construtora. | S2: 14/12/2027 13:28 - Reunião de partida realizada com a construtora. | T2: 9. VISTORIA | U2: ENTREGUE
A3: 2819 | B3: GALPÃO ESTRADA VELHA | C3: CLIENTE CRUZEIRO | D3: MG | E3: BELO HORIZONTE | F3: BAIXA | G3: CONSTRUÇÃO | H3: 32600 | I3: 46282 | J3: 46362 | K3: 46392 | L3: 46442 | M3: 46472 | N3: 46482 | O3: 46612 | P3: 130 | Q3: 46626 | R3: 09/11/2027 09:21 - Vistoria do corpo de bombeiros agendada. ------------------------------------------------------------ 18/11/2027 10:38 - Medição mensal aprovada. ------------------------------------------------------------ 27/11/2027 11:55 - Chuvas atrasaram a terraplenagem em uma semana. ------------------------------------------------------------ 06/12/2027 12:12 - Reunião de partida realizada com a construtora. ------------------------------------------------------------ 15/12/2027 13:29 - Topografia concluída; liberada a terraplenagem. | S3: 15/12/2027 13:29 - Topografia concluída; liberada a terraplenagem. | T3: 9. VISTORIA | U3: ENTREGUE
A4: 2820 | B4: GALPÃO BOA VISTA | C4: CLIENTE DELTA | D4: PE | E4: RECIFE | F4: MÉDIA | G4: CONSTRUÇÃO | H4: 36300 | I4: 46317 | J4: 46397 | K4: 46427 | L4: 46477 | M4: 46507 | N4: 46517 | O4: 46647 | P4: 130 | Q4: 46661 | R4: 10/11/2027 09:22 - Medição mensal aprovada. ------------------------------------------------------------ 19/11/2027 10:39 - Chuvas atrasaram a terraplenagem em uma semana. ------------------------------------------------------------ 28/11/2027 11:56 - Reunião de partida realizada com a construtora. ------------------------------------------------------------ 07/12/2027 12:13 - Topografia concluída; liberada a terraplenagem. ------------------------------------------------------------ 16/12/2027 13:30 - Sondagem do terreno entregue; fundação revisada. | S4: 16/12/2027 13:30 - Sondagem do terreno entregue; fundação revisada. | T4: 9. VISTORIA | U4: ENTREGUE
A5: 2821 | B5: CD PLANALTO | C5: CLIENTE ATLAS | D5: RJ | E5: RIO DE JANEIRO | F5: ALTA | G5: AMPLIAÇÃO | H5: 40000 | I5: 46352 | J5: 46432 | K5: 46462 | L5: 46512 | M5: 46542 | N5: 46552 | O5: 46682 | P5: 130 | Q5: 46696 | R5: 11/11/2027 09:23 - Chuvas atrasaram a terraplenagem em uma semana. ------------------------------------------------------------ 20/11/2027 10:40 - Reunião de partida realizada com a construtora. ------------------------------------------------------------ 29/11/2027 11:57 - Topografia concluída; liberada a terraplenagem. ------------------------------------------------------------ 08/12/2027 12:14 - Sondagem do terreno entregue; fundação revisada. ------------------------------------------------------------ 17/12/2027 13:31 - Projeto executivo aprovado pelo cliente. | S5: 17/12/2027 13:31 - Projeto executivo aprovado pelo cliente. | T5: 9. VISTORIA | U5: ENTREGUE

Sheet CANCELADAS
A1: CÓDIGO | B1: NOME | C1: CLIENTE | D1: UF | E1: CIDADE | F1: CRITICIDADE | G1: TIPO DE OBRA | H1: ÁREA (m²) | I1: APROVAÇÃO | J1: CONTRATO ASSINADO | K1: PROJETO BÁSICO | L1: PROJETO EXECUTIVO | M1: ALVARÁ | N1: INÍCIO DA OBRA | O1: FIM DA OBRA | P1: PRAZO (DIAS) | Q1: ENTREGA | R1: HISTÓRICO | S1: ÚLTIMO REGISTRO | T1: ETAPA | U1: SITUAÇÃO
A2: 2822 | B2: GALPÃO LAGOA | C2: CLIENTE BOREAL | D2: SP | E2: SAO PAULO | F2: MÉDIA | G2: RETROFIT | H2: 43700 | I2: 46401 | J2: 46481 | K2: 46511 | L2: 46561 | M2: 46591 | N2: 46601 | O2: 46741 | P2: 140 | Q2: 46755 | R2: 08/11/2027 09:25 - Topografia concluída; liberada a terraplenagem. ------------------------------------------------------------ 17/11/2027 10:42 - Sondagem do terreno entregue; fundação revisada. ------------------------------------------------------------ 26/11/2027 11:59 - Projeto executivo aprovado pelo cliente. ------------------------------------------------------------ 05/12/2027 12:16 - Protocolo do alvará na prefeitura; aguardando análise. ------------------------------------------------------------ 14/12/2027 13:33 - Estrutura metálica em fabricação. | S2: 14/12/2027 13:33 - Estrutura metálica em fabricação. | T2: 2. TERRAPLENAGEM | U2: CANCELADA
A3: 2823 | B3: CD CAMPO VERDE | C3: CLIENTE CRUZEIRO | D3: SP | E3: CAMPINAS | F3: BAIXA | G3: CONSTRUÇÃO | H3: 47400 | I3: 46431 | J3: 46511 | K3: 46541 | L3: 46591 | M3: 46621 | N3: 46631 | O3: 46771 | P3: 140 | Q3: 46785 | R3: 09/11/2027 09:26 - Sondagem do terreno entregue; fundação revisada. ------------------------------------------------------------ 18/11/2027 10:43 - Projeto executivo aprovado pelo cliente. ------------------------------------------------------------ 27/11/2027 11:00 - Protocolo do alvará na prefeitura; aguardando análise. ------------------------------------------------------------ 06/12/2027 12:17 - Estrutura metálica em fabricação. ------------------------------------------------------------ 15/12/2027 13:34 - Montagem da cobertura iniciada. | S3: 15/12/2027 13:34 - Montagem da cobertura iniciada. | T3: 2. TERRAPLENAGEM | U3: CANCELADA

Sheet ALTERAÇÕES
A1: CÓDIGO | B1: NOME | C1: CLIENTE | D1: UF | E1: CIDADE | F1: CAMPO | G1: ANTES | H1: DEPOIS | I1: USUÁRIO | J1: DATA/HORA
A2: 2802 | B2: CD RODOVIA SUL | C2: CLIENTE BOREAL | D2: SP | E2: JUNDIAI | F2: ALVARÁ | G2: 14/02/2028 | H2: 21/02/2028 | I2: usuario.demo | J2: 46793.385
A3: 2803 | B3: CONDOMÍNIO LOGÍSTICO VALE | C3: CLIENTE CRUZEIRO | D3: SP | E3: GUARULHOS | F3: ALVARÁ | G3: 14/02/2028 | H3: 21/02/2028 | I3: usuario.demo | J3: 46793.427
A4: 2804 | B4: GALPÃO SERRA AZUL | C4: CLIENTE DELTA | D4: SP | E4: BARUERI | F4: ALVARÁ | G4: 14/02/2028 | H4: 21/02/2028 | I4: usuario.demo | J4: 46793.469
A5: 2805 | B5: CENTRO DE DISTRIBUIÇÃO LESTE | C5: CLIENTE ATLAS | D5: SP | E5: SAO JOSE DOS CAMPOS | F5: ALVARÁ | G5: 14/02/2028 | H5: 21/02/2028 | I5: usuario.demo | J5: 46793.51
